{"textures":{"0":"space:entity/rocket/rocket"},"elements":[{"faces":{"north":{"uv":[13.25,13.25,12.125,14.5],"texture":"#0","tintindex":0},"east":{"uv":[3.25,12.125,2,13.375],"texture":"#0","tintindex":0},"south":{"uv":[13.25,13.25,12.125,14.5],"texture":"#0","tintindex":0},"west":{"uv":[3.25,12.125,2,13.375],"texture":"#0","tintindex":0},"up":{"uv":[1,14.625,2.125,13.375],"texture":"#0","tintindex":0},"down":{"uv":[11,13.125,12.125,14.375],"texture":"#0","tintindex":0}},"to":[11.05017,-2.96085,12.608],"from":[2.75577,-12.17685,3.392],"rotation":{"angle":0,"axis":"y","origin":[4.59897,-49.96245,8]}},{"faces":{"north":{"uv":[11,10.75,10.125,13.25],"texture":"#0","tintindex":0},"east":{"uv":[2,10.625,1,13.125],"texture":"#0","tintindex":0},"south":{"uv":[11.875,2.5,11,5],"texture":"#0","tintindex":0},"west":{"uv":[1,10,0,12.5],"texture":"#0","tintindex":0},"up":{"uv":[13.625,1,14.5,0],"texture":"#0","tintindex":0},"down":{"uv":[3.25,13.625,4.125,14.625],"texture":"#0","tintindex":0}},"to":[10.12857,15.24075,11.6864],"from":[3.67737,-3.19125,4.3136],"rotation":{"angle":0,"axis":"y","origin":[4.59897,-31.76085,8]}},{"faces":{"north":{"uv":[13.5,8.25,12.5,9.75],"texture":"#0","tintindex":0},"east":{"uv":[6.25,12.625,5.25,14.125],"texture":"#0","tintindex":0},"south":{"uv":[5.25,12.625,4.25,14.125],"texture":"#0","tintindex":0},"west":{"uv":[13.5,9.75,12.5,11.25],"texture":"#0","tintindex":0},"up":{"uv":[13.5,5.75,14.5,4.75],"texture":"#0","tintindex":0},"down":{"uv":[13.5,8.125,14.5,9.125],"texture":"#0","tintindex":0}},"to":[13.22879,22.34362,11.6864],"from":[5.85599,11.28442,4.3136],"rotation":{"angle":-45,"axis":"z","origin":[9.54239,15.89242,8]}}],"display":{"head":{"translation":[0,-3.2,0],"scale":[1,1,1],"rotation":[0,0,0]}}}