{"textures":{"0":"space:entity/rocket/rocket"},"elements":[{"faces":{"north":{"uv":[12.125,13.25,13.25,14.5],"texture":"#0","tintindex":0},"east":{"uv":[2,12.125,3.25,13.375],"texture":"#0","tintindex":0},"south":{"uv":[12.125,13.25,13.25,14.5],"texture":"#0","tintindex":0},"west":{"uv":[2,12.125,3.25,13.375],"texture":"#0","tintindex":0},"up":{"uv":[2.125,14.625,1,13.375],"texture":"#0","tintindex":0},"down":{"uv":[12.125,13.125,11,14.375],"texture":"#0","tintindex":0}},"to":[13.24423,-2.96085,12.608],"from":[4.94983,-12.17685,3.392],"rotation":{"angle":0,"axis":"y","origin":[11.40103,-49.96245,8]}},{"faces":{"north":{"uv":[10.125,10.75,11,13.25],"texture":"#0","tintindex":0},"east":{"uv":[0,10,1,12.5],"texture":"#0","tintindex":0},"south":{"uv":[11,2.5,11.875,5],"texture":"#0","tintindex":0},"west":{"uv":[1,10.625,2,13.125],"texture":"#0","tintindex":0},"up":{"uv":[14.5,1,13.625,0],"texture":"#0","tintindex":0},"down":{"uv":[4.125,13.625,3.25,14.625],"texture":"#0","tintindex":0}},"to":[12.32263,15.24075,11.6864],"from":[5.87143,-3.19125,4.3136],"rotation":{"angle":0,"axis":"y","origin":[11.40103,-31.76085,8]}},{"faces":{"north":{"uv":[12.5,8.25,13.5,9.75],"texture":"#0","tintindex":0},"east":{"uv":[12.5,9.75,13.5,11.25],"texture":"#0","tintindex":0},"south":{"uv":[4.25,12.625,5.25,14.125],"texture":"#0","tintindex":0},"west":{"uv":[5.25,12.625,6.25,14.125],"texture":"#0","tintindex":0},"up":{"uv":[14.5,5.75,13.5,4.75],"texture":"#0","tintindex":0},"down":{"uv":[14.5,8.125,13.5,9.125],"texture":"#0","tintindex":0}},"to":[10.14401,22.34362,11.6864],"from":[2.77121,11.28442,4.3136],"rotation":{"angle":45,"axis":"z","origin":[6.45761,15.89242,8]}}],"display":{"head":{"translation":[0,-3.2,0],"scale":[1,1,1],"rotation":[0,0,0]}}}